{
  "base": {
    "bytes": 8000000008,
    "dim": 200,
    "path": "/home/kvgroup/chaomei/hnsw-data/tti-10m/base.fbin",
    "rows": 10000000
  },
  "checked_queries": 3,
  "checks": [
    {
      "computed_ids": [
        8579576,
        1282354,
        8422249,
        1049278,
        6016091,
        1120831,
        8074335,
        5969001,
        3530579,
        1750213
      ],
      "computed_scores": [
        0.5520774126052856,
        0.5344504714012146,
        0.5332160592079163,
        0.5319372415542603,
        0.5316187143325806,
        0.5314475297927856,
        0.5278580188751221,
        0.5277426838874817,
        0.5270223021507263,
        0.5263509750366211
      ],
      "exact_set_match": true,
      "expected_ids": [
        8579576,
        1282354,
        8422249,
        1049278,
        6016091,
        1120831,
        8074335,
        5969001,
        3530579,
        1750213
      ],
      "overlap": 10,
      "query_index": 0,
      "query_l2_norm": 1.000000059604643
    },
    {
      "computed_ids": [
        5284233,
        3157199,
        6931250,
        1401421,
        6900180,
        7018133,
        2449140,
        8012703,
        4049997,
        2475528
      ],
      "computed_scores": [
        0.5273462533950806,
        0.5142590403556824,
        0.5056071281433105,
        0.5004633069038391,
        0.4984465539455414,
        0.4935593605041504,
        0.48944106698036194,
        0.4887985289096832,
        0.487811416387558,
        0.48697271943092346
      ],
      "exact_set_match": true,
      "expected_ids": [
        5284233,
        3157199,
        6931250,
        1401421,
        6900180,
        7018133,
        2449140,
        8012703,
        4049997,
        2475528
      ],
      "overlap": 10,
      "query_index": 4999,
      "query_l2_norm": 0.9999999403953534
    },
    {
      "computed_ids": [
        4959506,
        6768220,
        1468445,
        7260745,
        2472125,
        4753995,
        9969805,
        3130265,
        2433880,
        9745133
      ],
      "computed_scores": [
        0.5243258476257324,
        0.5197078585624695,
        0.514895498752594,
        0.5093792676925659,
        0.5066547989845276,
        0.5065447092056274,
        0.5049274563789368,
        0.5046870708465576,
        0.5033279657363892,
        0.5019563436508179
      ],
      "exact_set_match": true,
      "expected_ids": [
        4959506,
        6768220,
        1468445,
        7260745,
        2472125,
        4753995,
        9969805,
        3130265,
        2433880,
        9745133
      ],
      "overlap": 10,
      "query_index": 9999,
      "query_l2_norm": 0.9999999701976772
    }
  ],
  "created_utc": "2026-07-14T07:54:56.323370+00:00",
  "groundtruth": {
    "bytes": 4000008,
    "k": 100,
    "path": "/home/kvgroup/chaomei/hnsw-data/tti-10m/queries/groundtruth-u10k.bin",
    "rows": 10000,
    "sha256": "ffba593187bf1f9b148328301a4844fed4571f7bb42ba72c6fb48d2381aebbe0"
  },
  "groundtruth_layout": "ids_only",
  "metric": "ip",
  "minimum_overlap": 10,
  "query": {
    "bytes": 8000008,
    "dim": 200,
    "path": "/home/kvgroup/chaomei/hnsw-data/tti-10m/queries/query-u10k.fbin",
    "rows": 10000,
    "sha256": "2a520db6f53400df11ccaa758893da6b22cabef9c17f27ac508ffc67d9160fa0"
  },
  "query_indices": [
    0,
    4999,
    9999
  ],
  "status": "ok",
  "top_k": 10
}
