{
  "created_utc": "2000-01-01T00:00:00+00:00",
  "datasets": {
    "DEEP10M": {
      "dhnsw_max_recall": {
        "ef": 200.0,
        "qps": 415.64820000000003,
        "recall": 0.923096
      },
      "high_recall_matched_pair": {
        "byte_reduction": 2.483190327075519,
        "ef": 200.0,
        "post_reduction": 27.222950535332437,
        "qps_speedup": 13.461769616026713,
        "recall_delta": 9.00000000000345e-05,
        "recall_matched": true,
        "shine_bytes_per_query": 2219068.6148,
        "shine_posts_per_query": 5493.3328,
        "shine_qps": 599.0,
        "shine_recall": 0.99008,
        "slabwalk_bytes_per_query": 893636.1384,
        "slabwalk_posts_per_query": 201.7905,
        "slabwalk_qps": 8063.6,
        "slabwalk_recall": 0.99017
      },
      "matched_pair_count": 5,
      "same_ef_graph_pairs": [
        {
          "byte_reduction": 3.187113853562113,
          "ef": 48.0,
          "post_reduction": 35.0470077013951,
          "qps_speedup": 15.66964093743281,
          "recall_delta": 0.000140000000000029,
          "recall_matched": true,
          "shine_bytes_per_query": 719805.3472,
          "shine_posts_per_query": 1788.8939,
          "shine_qps": 1860.4,
          "shine_recall": 0.9317,
          "slabwalk_bytes_per_query": 225848.6456,
          "slabwalk_posts_per_query": 51.0427,
          "slabwalk_qps": 29151.8,
          "slabwalk_recall": 0.93184
        },
        {
          "byte_reduction": 3.0219831587381902,
          "ef": 64.0,
          "post_reduction": 33.26945092696263,
          "qps_speedup": 15.38898542975538,
          "recall_delta": 0.0,
          "recall_matched": true,
          "shine_bytes_per_query": 893934.4072,
          "shine_posts_per_query": 2219.6679,
          "shine_qps": 1496.2,
          "shine_recall": 0.95181,
          "slabwalk_bytes_per_query": 295810.5192,
          "slabwalk_posts_per_query": 66.7179,
          "slabwalk_qps": 23025.0,
          "slabwalk_recall": 0.95181
        },
        {
          "byte_reduction": 2.8127184428432916,
          "ef": 96.0,
          "post_reduction": 30.96057328346078,
          "qps_speedup": 14.658348623853211,
          "recall_delta": 0.0001500000000000945,
          "recall_matched": true,
          "shine_bytes_per_query": 1227148.3352,
          "shine_posts_per_query": 3043.5451,
          "shine_qps": 1090.0,
          "shine_recall": 0.97159,
          "slabwalk_bytes_per_query": 436285.5224,
          "slabwalk_posts_per_query": 98.3039,
          "slabwalk_qps": 15977.6,
          "slabwalk_recall": 0.97174
        },
        {
          "byte_reduction": 2.677356574349727,
          "ef": 128.0,
          "post_reduction": 29.431939732235502,
          "qps_speedup": 14.249478804725504,
          "recall_delta": -9.999999999998899e-05,
          "recall_matched": true,
          "shine_bytes_per_query": 1545048.5164,
          "shine_posts_per_query": 3829.0777,
          "shine_qps": 863.4,
          "shine_recall": 0.98171,
          "slabwalk_bytes_per_query": 577079.8448,
          "slabwalk_posts_per_query": 130.0994,
          "slabwalk_qps": 12303.0,
          "slabwalk_recall": 0.98161
        },
        {
          "byte_reduction": 2.483190327075519,
          "ef": 200.0,
          "post_reduction": 27.222950535332437,
          "qps_speedup": 13.461769616026713,
          "recall_delta": 9.00000000000345e-05,
          "recall_matched": true,
          "shine_bytes_per_query": 2219068.6148,
          "shine_posts_per_query": 5493.3328,
          "shine_qps": 599.0,
          "shine_recall": 0.99008,
          "slabwalk_bytes_per_query": 893636.1384,
          "slabwalk_posts_per_query": 201.7905,
          "slabwalk_qps": 8063.6,
          "slabwalk_recall": 0.99017
        }
      ]
    },
    "SIFT10M": {
      "dhnsw_max_recall": {
        "ef": 200.0,
        "qps": 468.3932,
        "recall": 0.904626
      },
      "high_recall_matched_pair": {
        "byte_reduction": 2.4735809550924133,
        "ef": 300.0,
        "post_reduction": 17.134388898619314,
        "qps_speedup": 9.98868778280543,
        "recall_delta": 0.0,
        "recall_matched": true,
        "shine_bytes_per_query": 2646781.8396,
        "shine_posts_per_query": 5175.1149,
        "shine_qps": 618.8,
        "shine_recall": 0.98817,
        "slabwalk_bytes_per_query": 1070020.3016,
        "slabwalk_posts_per_query": 302.0309,
        "slabwalk_qps": 6181.0,
        "slabwalk_recall": 0.98817
      },
      "matched_pair_count": 6,
      "same_ef_graph_pairs": [
        {
          "byte_reduction": 3.137296292783947,
          "ef": 64.0,
          "post_reduction": 21.675904332484986,
          "qps_speedup": 11.083079404911276,
          "recall_delta": 4.0000000000040004e-05,
          "recall_matched": true,
          "shine_bytes_per_query": 751071.2348,
          "shine_posts_per_query": 1465.7615,
          "shine_qps": 2231.6,
          "shine_recall": 0.90657,
          "slabwalk_bytes_per_query": 239400.7976,
          "slabwalk_posts_per_query": 67.6217,
          "slabwalk_qps": 24733.0,
          "slabwalk_recall": 0.90661
        },
        {
          "byte_reduction": 2.931207970061951,
          "ef": 96.0,
          "post_reduction": 20.295131743432012,
          "qps_speedup": 10.290989660265879,
          "recall_delta": -0.00017000000000000348,
          "recall_matched": true,
          "shine_bytes_per_query": 1029952.5392,
          "shine_posts_per_query": 2009.8959,
          "shine_qps": 1624.8,
          "shine_recall": 0.94151,
          "slabwalk_bytes_per_query": 351374.7744,
          "slabwalk_posts_per_query": 99.0334,
          "slabwalk_qps": 16720.8,
          "slabwalk_recall": 0.94134
        },
        {
          "byte_reduction": 2.801656526526139,
          "ef": 128.0,
          "post_reduction": 19.41762652317848,
          "qps_speedup": 10.72043852779953,
          "recall_delta": -0.000220000000000109,
          "recall_matched": true,
          "shine_bytes_per_query": 1300294.322,
          "shine_posts_per_query": 2537.9867,
          "shine_qps": 1277.0,
          "shine_recall": 0.95959,
          "slabwalk_bytes_per_query": 464116.2504,
          "slabwalk_posts_per_query": 130.7053,
          "slabwalk_qps": 13690.0,
          "slabwalk_recall": 0.95937
        },
        {
          "byte_reduction": 2.7093461071864473,
          "ef": 160.0,
          "post_reduction": 18.782200749414923,
          "qps_speedup": 10.58626560726447,
          "recall_delta": -0.00021999999999999797,
          "recall_matched": true,
          "shine_bytes_per_query": 1563222.7572,
          "shine_posts_per_query": 3052.1095,
          "shine_qps": 1057.2,
          "shine_recall": 0.97032,
          "slabwalk_bytes_per_query": 576974.1832,
          "slabwalk_posts_per_query": 162.5001,
          "slabwalk_qps": 11191.8,
          "slabwalk_recall": 0.9701
        },
        {
          "byte_reduction": 2.621878477300339,
          "ef": 200.0,
          "post_reduction": 18.17258608794324,
          "qps_speedup": 10.284964636094,
          "recall_delta": -2.0000000000020002e-05,
          "recall_matched": true,
          "shine_bytes_per_query": 1882515.0476,
          "shine_posts_per_query": 3677.0338,
          "shine_qps": 876.6,
          "shine_recall": 0.97866,
          "slabwalk_bytes_per_query": 718002.4032,
          "slabwalk_posts_per_query": 202.3396,
          "slabwalk_qps": 9015.8,
          "slabwalk_recall": 0.97864
        },
        {
          "byte_reduction": 2.4735809550924133,
          "ef": 300.0,
          "post_reduction": 17.134388898619314,
          "qps_speedup": 9.98868778280543,
          "recall_delta": 0.0,
          "recall_matched": true,
          "shine_bytes_per_query": 2646781.8396,
          "shine_posts_per_query": 5175.1149,
          "shine_qps": 618.8,
          "shine_recall": 0.98817,